Varenummer,Område,Mængde,counts
###-2XL-B#FP,DK,6,1
6429#FP,DK,17482,1
6431#FP,DK,17810,1
6432#FP,DK,14981,1
6436#FP,DK,14983,1
9630-99-4-S-B#FP,DK,14,1
9630-99-5-M-B#FP,DK,55,1
9630-99-6-L-B#FP,DK,62,1
9630-99-7-XL-B#FP,DK,85,1
9630-99-8-2XL-B#FP,DK,39,1
9630-99-9-3XL-B#FP,DK,10,1
9630X-99-10-4XL-B#FP,DK,10,1
9630X-99-11-5XL-B#FP,DK,10,1
9631-99-4-S-B#FP,DK,9,1
9631-99-5-M-B#FP,DK,14,1
9631-99-6-L-B#FP,DK,15,1
9631-99-7-XL-B#FP,DK,19,1
9631-99-8-2XL-B#FP,DK,10,1
A920Pro-2AW-RE6-20EU#FP,DK,8000,1
A920Pro-2AW-RE6-20EU-C-FR#FP,DK,1166,1
Basic-Langærmet-Unisex-L-B#FP,DK,34,1
6430#FP,DK,17888,1
5430X-99-9-3XL-B#FP,DK,30,1
###-2XL-W#FP,DK,8,1
5430-99-8-2XL-B#FP,DK,55,1
0511-99-6-L-B#FP,DK,70,1
0511-99-7-XL-B#FP,DK,102,1
0511-99-8-2XL-B#FP,DK,1,1
10441#FP,DK,14508,1
10442#FP,DK,14210,1
10443#FP,DK,14410,1
39473090#FP,DK,34,1
39473090-C-DE#FP,DK,43,1
39473090-C-DK#FP,DK,501,1
39473090-DE#FP,DE,5,1
39473090-DE#FP,DK,15,1
39473090-DK#FP,DK,1443,1
39473090-FI#FP,DK,2,1
39473090-KP-DE#FP,DK,196,1
39473090-KP-DK#FP,DK,80,1
5430-99-4-S-B#FP,DK,33,1
5430-99-5-M-B#FP,DK,51,1
5430-99-6-L-B#FP,DK,44,1
5430-99-7-XL-B#FP,DK,65,1
Basic-Langærmet-Unisex-M-B#FP,DK,28,1
Basic-Langærmet-Unisex-M-W#FP,DK,14,1
Basic-Langærmet-Unisex-S-B#FP,DK,12,1
Basic-Langærmet-Unisex-XS-B#FP,DK,9,1
L920Pro-BC-1E0#FP,DK,28260,1
MT134-1#FP,DK,3607,1
Silicone_cover_white#FP,DK,11815,1
Sim-CPOS-2MM#FP,DE,4,1
Sim-CPOS-2MM#FP,DK,1192,1
"Sim-Terminal-1,5MM#FP",DE,50000,1
"Sim-Terminal-1,5MM#FP",DK,28120,1
TB32BXU-C-DE#FP,DK,340,1
TB32BXU-C-DK#FP,DK,206,1
TB32BXU-DK#FP,DK,1241,1
TH13-B#FP,DK,2207,1
Terminal stand White#FP,DE,250,1
Terminal stand White#FP,DK,48,1
UN3480_FP_TERMINAL_BAT#FP,DK,1369,1
VEJLEDNING-POS#FP,DK,5809,1
VL305.741#FP,DE,167,1
VL305.741#FP,DK,1590,1
VL308.096#FP,DE,72,1
VL308.096#FP,DK,305,1
K1480-W#FP,DK,28331,1
K1480-B#FP,DK,5543,1
"Ether7,5m#FP",DK,6517,1
CA-CD330-48B#FP,DK,2755,1
Basic-Langærmet-Unisex-XS-W#FP,DK,4,1
Basic-Tshirt-Krave-2XL-B#FP,DK,15,1
Basic-Tshirt-Krave-3XL-B#FP,DK,6,1
Basic-Tshirt-Krave-L-B#FP,DK,18,1
Basic-Tshirt-Krave-M-B#FP,DK,9,1
Basic-Tshirt-Krave-S-B#FP,DK,13,1
Basic-Tshirt-Krave-XL-B#FP,DK,28,1
Basic-Tshirt-Krave-XS-B#FP,DK,8,1
Cposx5-C-DE#FP,DK,178,1
"Ether7,5m#FP",DE,544,1
Cposx5-C-DK#FP,DK,617,1
Cposx5-C-FI#FP,DK,144,1
Cposx5-DE#FP,DE,4,1
Cposx5-DE#FP,DK,600,1
Cposx5-DE#FP,General,25,1
Cposx5-DK#FP,DK,40,1
Cposx5-FI#FP,DK,104,1
Ether5m#FP,DK,1,1
0511-99-5-M-B#FP,DK,98,1
0511-99-4-S-B#FP,DK,16,1
0511-00-8-2XL-W#FP,DK,45,1
027955-00-6-L-W#FP,DK,17,1
021030-99-5-M-B#FP,DK,102,1
021030-99-6-L-B#FP,DK,98,1
021030-99-7-XL-B#FP,DK,116,1
021030-99-8-2XL-B#FP,DK,56,1
021030-99-9-3XL-B#FP,DK,50,1
021033-99-10-4XL-B#FP,DK,20,1
021033-99-11-5Xl-B#FP,DK,10,1
021033-99-3-XS-B#FP,DK,14,1
021033-99-4-S-B#FP,DK,29,1
021033-99-5-M-B#FP,DK,53,1
021033-99-6-L-B#FP,DK,49,1
021033-99-7-XL-B#FP,DK,59,1
021033-99-8-2XL-B#FP,DK,53,1
021033-99-9-3XL-B#FP,DK,16,1
027950-00-4-S-W#FP,DK,2,1
027950-00-5-M-W#FP,DK,6,1
027950-00-7-XL-W#FP,DK,19,1
027950-00-8-2XL-W#FP,DK,2,1
027955-00-4-S-W#FP,DK,10,1
021030-99-4-S-B#FP,DK,103,1
021030-99-3-XS-B#FP,DK,14,1
021030-99-11-5Xl-B#FP,DK,10,1
###-XS-W#FP,DK,4,1
###-L-B#FP,DK,14,1
###-L-W#FP,DK,4,1
###-M-B#FP,DK,11,1
###-M-W#FP,DK,1,1
###-S-B#FP,DK,8,1
###-XL-B#FP,DK,17,1
###-XL-W#FP,DK,14,1
###-XS-B#FP,DK,5,1
020931-99-3-B-XS#FP,DK,2,1
021030-99-10-4XL-B#FP,DK,10,1
020932-99-5-B-M#FP,DK,3,1
020932-99-6-B-L#FP,DK,2,1
021030-92-3-XS-ASH#FP,DK,14,1
021030-92-4-S-ASH#FP,DK,95,1
021030-92-6-L-ASH#FP,DK,48,1
021030-92-7-XL-ASH#FP,DK,65,1
021030-92-8-2XL-ASH#FP,DK,54,1
021030-92-9-3XL-ASH#FP,DK,7,1
027955-00-5-M-W#FP,DK,16,1
027955-00-7-XL-W#FP,DK,15,1
0511-00-7-XL-W#FP,DK,88,1
027955-00-8-2XL-W#FP,DK,5,1
029034-99-5-M-B#FP,DK,60,1
029034-99-6-L-B#FP,DK,16,1
029034-99-7-XL-B#FP,DK,9,1
0510-00-4-S-W#FP,DK,44,1
0510-00-5-M-W#FP,DK,75,1
0510-00-6-L-W#FP,DK,85,1
0510-00-7-XL-W#FP,DK,93,1
0510-00-8-2XL-W#FP,DK,48,1
0510-00-9-3XL-W#FP,DK,30,1
0510-99-10-4XL-B#FP,DK,52,1
0510-99-4-S-B#FP,DK,47,1
0510-99-5-M-B#FP,DK,80,1
0510-99-6-L-B#FP,DK,89,1
0510-99-7-XL-B#FP,DK,84,1
0510-99-8-2XL-B#FP,DK,4,1
0510-99-9-3XL-B#FP,DK,30,1
0511-00-4-S-W#FP,DK,46,1
0511-00-5-M-W#FP,DK,88,1
0511-00-6-L-W#FP,DK,57,1
029034-99-4-S-B#FP,DK,50,1
029034-99-3-XS-B#FP,DK,4,1
029033-99-8-2XL-B#FP,DK,54,1
029033-00-4-S-W#FP,DK,93,1
028247-99-3-XS-B#FP,DK,8,1
028247-99-4-S-B#FP,DK,19,1
028247-99-5-M-B#FP,DK,37,1
028247-99-6-L-B#FP,DK,14,1
028247-99-7-XL-B#FP,DK,19,1
028247-99-8-2XL-B#FP,DK,10,1
029033-00-10-4XL-W#FP,DK,30,1
029033-00-3-XS-W#FP,DK,20,1
029033-00-5-M-W#FP,DK,82,1
029033-99-7-XL-B#FP,DK,100,1
029033-00-6-L-W#FP,DK,25,1
029033-00-7-XL-W#FP,DK,94,1
029033-00-8-2XL-W#FP,DK,47,1
029033-00-9-3XL-W#FP,DK,51,1
029033-99-3-XS-B#FP,DK,10,1
029033-99-4-S-B#FP,DK,56,1
029033-99-5-M-B#FP,DK,103,1
029033-99-6-L-B#FP,DK,115,1
silicone_cover_black#FP,DK,10795,1
