SKU,Inventroy ULTIMO
K1480-W,7138
"Ether7,5m",1131
MT134-1,815
39473090-DE,336
VL308.096,223
K1480-B,173
Silicone_cover_white,130
Ether20m,121
0511-99-4-S-B,116
FP_SK_EVA_Black,116
L920Pro-BC-1E0,114
Ether10m,79
TB32BXU-C-DE,79
silicone_cover_black,79
39473090-KP-DE,45
Terminal stand White,20
TH13-B,18
Cposx5-R-DE,14
VL305.741,8
CA-CD330-48B,5
020931-99-3-B-XS,0
020931-99-4-B-S,0
020931-99-5-B-M,0
020931-99-6-B-L,0
020931-99-8-B-XXL,0
020932-99-4-B-S,0
020932-99-5-B-M,0
020932-99-6-B-L,0
021030-92-3-XS-ASH,0
021030-92-4-S-ASH,0
021030-92-5-M-ASH,0
021030-92-6-L-ASH,0
021030-92-7-XL-ASH,0
021030-92-8-2XL-ASH,0
021030-92-9-3XL-ASH,0
021030-99-10-4XL-B,0
021030-99-3-XS-B,0
021030-99-4-S-B,0
021030-99-5-M-B,0
021030-99-6-L-B,0
021030-99-7-XL-B,0
021030-99-8-2XL-B,0
021030-99-9-3XL-B,0
021033-99-10-4XL-B,0
021033-99-11-5Xl-B,0
021033-99-3-XS-B,0
021033-99-4-S-B,0
021033-99-5-M-B,0
021033-99-6-L-B,0
021033-99-7-XL-B,0
021033-99-8-2XL-B,0
021033-99-9-3XL-B,0
027950-00-4-S-W,0
027950-00-5-M-W,0
027950-00-6-L-W,0
027950-00-7-XL-W,0
027950-00-8-2XL-W,0
027955-00-4-S-W,0
027955-00-5-M-W,0
027955-00-6-L-W,0
027955-00-7-XL-W,0
027955-00-8-2XL-W,0
028247-99-3-XS-B,0
028247-99-4-S-B,0
028247-99-5-M-B,0
028247-99-6-L-B,0
028247-99-7-XL-B,0
028247-99-8-2XL-B,0
029033-00-10-4XL-W,0
029033-00-3-XS-W,0
029033-00-4-S-W,0
029033-00-5-M-W,0
029033-00-6-L-W,0
029033-00-7-XL-W,0
029033-00-8-2XL-W,0
029033-00-9-3XL-W,0
029033-99-10-4XL-B,0
029033-99-3-XS-B,0
029033-99-4-S-B,0
029033-99-5-M-B,0
029033-99-6-L-B,0
029033-99-7-XL-B,0
029033-99-8-2XL-B,0
029033-99-9-3XL-B,0
029034-99-4-S-B,0
029034-99-5-M-B,0
0510-00-10-4XL-W,0
0510-00-11-5XL-W,0
0510-00-4-S-W,0
0510-00-5-M-W,0
0510-00-6-L-W,0
0510-00-7-XL-W,0
0510-00-8-2XL-W,0
0510-00-9-3XL-W,0
0510-99-10-4XL-B,0
0510-99-11-5XL-B,0
0510-99-4-S-B,0
0510-99-5-M-B,0
0510-99-6-L-B,0
0510-99-7-XL-B,0
0510-99-8-2XL-B,0
0510-99-9-3XL-B,0
0511-00-10-4XL-W,0
0511-00-4-S-W,0
0511-00-5-M-W,0
0511-00-6-L-W,0
0511-00-7-XL-W,0
0511-00-8-2XL-W,0
0511-00-9-3XL-W,0
0511-99-5-M-B,0
0511-99-6-L-B,0
0511-99-7-XL-B,0
0511-99-8-2XL-B,0
10441,0
10442,0
10443,0
39473090-DK,0
39473090-FI,0
39473090-INT,0
39473090-KP-DK,0
5430-99-4-S-B,0
5430-99-5-M-B,0
5430-99-6-L-B,0
5430-99-7-XL-B,0
5430-99-8-2XL-B,0
5430X-99-9-3XL-B,0
6429,0
6430,0
6431,0
6432,0
6436,0
9630-99-4-S-B,0
9630-99-5-M-B,0
9630-99-6-L-B,0
9630-99-7-XL-B,0
9630-99-8-2XL-B,0
9630-99-9-3XL-B,0
9630X-99-10-4XL-B,0
9630X-99-11-5XL-B,0
9631-99-4-S-B,0
9631-99-5-M-B,0
9631-99-6-L-B,0
9631-99-7-XL-B,0
9631-99-8-2XL-B,0
A920Pro-2AW-RE6-20EU,0
A920Pro-2AW-RE6-20EU-C-UK,0
A920Pro-2AW-RE6-20EU-FR,0
Basic-Langærmet-Unisex-L-B,0
Basic-Langærmet-Unisex-M-B,0
Basic-Langærmet-Unisex-M-W,0
Basic-Langærmet-Unisex-S-B,0
Basic-Langærmet-Unisex-S-W,0
Basic-Langærmet-Unisex-XS-B,0
Basic-Langærmet-Unisex-XS-W,0
Basic-Tshirt-Krave-2XL-B,0
Basic-Tshirt-Krave-3XL-B,0
Basic-Tshirt-Krave-L-B,0
Basic-Tshirt-Krave-M-B,0
Basic-Tshirt-Krave-S-B,0
Basic-Tshirt-Krave-XL-B,0
Basic-Tshirt-Krave-XS-B,0
Cposx5-DE,0
Cposx5-DK,0
Cposx5-FI,0
Cposx5-R-DK,0
Cposx5-R-FI,0
Sim-CPOS-2MM,0
"Sim-Terminal-1,5MM",0
TB32BXU,0
TB32BXU-C-DK,0
TB32BXU-C-IT,0
TB32BXU-DE,0
TB32BXU-DK,0
TP-Link WA850RE,0
Terminal Stand Black,0
UN3480_FP_TERMINAL_BAT,0
VEJLEDNING-POS,0
